{"cameraMode":{"drawMode":0,"name":"Shaded","section":"Shading Mode"},"sceneLighting":true,"audioPlay":false,"sceneViewState":{"showFog":true,"showMaterialUpdate":false,"showSkybox":true,"showFlares":true,"showImageEffects":true,"showParticleSystems":true},"in2DMode":false,"pivot":{"x":6.327944278717041,"y":3.749890089035034,"z":-3.099210739135742},"rotation":{"x":-0.2072703242301941,"y":0.31534940004348757,"z":-0.0707850530743599,"w":-0.9233742356300354},"size":9.806109428405762,"orthographic":false}